Name of Public Body,"Type of Organization (Federal / Provincial Ministry, Division, Department, Autonomous Body, Government-owned Corporation, District Government)",Controlling Body (if any),Address(es),Contact Nos.,Fax Nos.,Website,Email Address(es),Key,Value,Key,Value,Key,Value
President’s Office,,,"Aiwan-e-Sadr, Islamabad","051-9010100, 051-9010200",,http://www.presidentofpakistan.gov.pk,,Wikipedia,https://en.wikipedia.org/wiki/President_of_Pakistan,Telephone List,http://www.presidentofpakistan.gov.pkgop/index.php?q=aHR0cDovLzE5Mi4xNjguNzAuMTMwOjkwODAvcG9wL0lubmVyUGFnZS5hc3B4P1BhZ2VfSUQ9MQ%3D%3D,,
Prime Minister’s Office,,,"P.M. Secretariat, Islamabad",051-9213988,,http://www.pmo.gov.pk,info@pmo.gov.pk ,Wikipedia,https://en.wikipedia.org/wiki/Prime_Minister_of_Pakistan,,,,
National Assembly of Pakistan,Constitutional Body,,"National Assembly Secretariat Parliament House, Islamabad","051-9221082, 051-9221082","051-9212691, 051-9221106",http://www.na.gov.pk,assembly@na.gov.pk,Wikipedia,https://en.wikipedia.org/wiki/National_Assembly_of_Pakistan,Telephone List,http://www.na.gov.pk/en/content.php?id=76,,
Senate of Pakistan,Constitutional Body,,"Senate Secretariat, Parliament House, Islamabad",051- 9022022,,www.senate.gov.pk,,Wikipedia,https://en.wikipedia.org/wiki/Senate_of_Pakistan,,,,
Supreme Court of Pakistan,Constitutional Body,,"Constitution Avenue, G-5/2 Islamabad","051-9220581, 051-9220600",051-9213452,www.supremecourt.gov.pk,mail@supremecourt.gov.pk,Wikipedia,https://en.wikipedia.org/wiki/Supreme_Court_of_Pakistan,,,,
Wafaqi Mohtasib,Constitutional Body,,"Wafaqi Mohtasib (Ombudsman) Secretariat, 36, Constituation Avenue, G-5/1, Opposite Supreme Court of Pakistan Islamabad","051-9217206, 051-9217210",051-9217224,http://www.mohtasib.gov.pk,"info@ombudsman.gov.pk, complaints@ombudsman.gov.pk",Wikipedia,https://en.wikipedia.org/wiki/Ombudsmen_in_Pakistan,Telephone List,http://www.mohtasib.gov.pk/gop/index.php?q=aHR0cDovLzE5Mi4xNjguNzAuMTM2L3dhZmFxaW1vaC91c2VyZmlsZXMxL2ZpbGUvVGVsZXBob25lJTIwTm9zJTIwJTIwRS1tYWlsJTIwQWRkcmVzcyUyMG9mJTIwV01JJTIwNi0wMi0yMDE1LnBkZg%3D%3D,,
Cabinet Division,Federal Ministry / Division,-,"Cabinet Block, Islamabad","051-9213562, 051-9213562","051-9201357, 051-9201664",http://www.cabinet.gov.pk,,Wikipedia,https://en.wikipedia.org/wiki/Cabinet_of_Pakistan,Telephone List,http://www.cabinet.gov.pkgop/index.php?q=aHR0cDovLzE5Mi4xNjguNzAuMTM2L2NhYmluZXQvdXNlcmZpbGVzMS9maWxlL3RlbGUtbm92LTE0X3hscy5wZGY%3D,,
Establishment Division,Federal Ministry / Division,-,"Cabinet Block, Islamabad","051-9212118, 051-9208048","051-9207016, 051-9202048",http://www.establishment.gov.pk,contact@establishment.gov.pk,,,Telephone List,http://www.establishment.gov.pkgop/index.php?q=aHR0cDovLzE5Mi4xNjguNzAuMTM2L2VzdGFiLy4vZnJtRGV0YWlscy5hc3B4P29wdD1taXNjJmlkPTU%3D,,
Ministry of Climate Change,Federal Ministry / Division,-,,"051-9245759, 051-9245673","051-9245882, 051-9245758",http://www.mocc.gov.pk,,,,Telephone List,http://www.mocc.gov.pkgop/index.php?q=aHR0cDovLzE5Mi4xNjguNzAuMTM2L21vY2xjLy4vZnJtRGV0YWlscy5hc3B4P29wdD1taXNjJmlkPTM%3D,,
Aviation Division,Federal Ministry / Division,-,,,,,,,,,,,
Ministry of Finance,Federal Ministry / Division,-,"Pakistan Secretariat, Block ""Q"", Islamabad","051-9206382, 051-9203687","051- 9213780, 051-9213780",http://www.finance.gov.pk,so_coord1@finance.gov.pk,Wikipedia,https://en.wikipedia.org/wiki/Pakistan_Ministry_of_Finance,Telephone List,http://www.finance.gov.pk/phone.pdf,,
Economic Affairs Division,Federal Ministry / Division,-,"Pakistan Secretariat, Block ""C"", Islamabad","051-9201682, 051-9212769",,http://www.ead.gov.pk,webmaster@ead.gov.pk,,,Telephone List,http://www.ead.gov.pk/gop/index.php?q=aHR0cDovLzE5Mi4xNjguNzAuMTM2L2VhZC9mcm1EZXRhaWxzLmFzcHg%2Fb3B0PW1pc2MmaWQ9NQ%3D%3D,,
Revenue Division,Federal Ministry / Division,-,,,,,,,,,,,
Statistics Division,Federal Ministry / Division,-,"Building # 5, F-6/4, Blue Area, Islamabad",,,http://www.statistics.gov.pk,,Wikipedia,https://en.wikipedia.org/wiki/Statistics_Division_of_the_Government_of_Pakistan,,,,
"Ministry of Planning, Development and Reforms",Federal Ministry / Division,-,"Pakistan Secretariat, Block ""P"", Islamabad","051-9206639, 051-9211147","051-9201777, 051-9213144",http://www.pc.gov.pk,contact@pc.gov.pk,Wikipedia,https://en.wikipedia.org/wiki/Ministry_of_Planning_and_Development,Telephone List,http://www.pc.gov.pk/wp-content/uploads/2015/01/Tele-20141.doc,Email List,http://www.pc.gov.pk/wp-content/uploads/2014/11/2nd-Email_List_2014_with_Quota-2-20-11-2014-Copy.xlsx
Ministry of Commerce,Federal Ministry / Division,-,"Pakistan Secretariat, Block ""A"", Islamabad","051-9205708, 051-9204548","051-9205241, 051-9208739",http://www.commerce.gov.pk,mincom@commerce.gov.pk,Wikipedia,https://en.wikipedia.org/wiki/Pakistan_Ministry_of_Commerce,Telephone List,http://www.commerce.gov.pk/?page_id=37,,
Ministry of Textile Industry,Federal Ministry / Division,-,,,,http://www.textile.gov.pk,,,,Telephone List,http://www.textile.gov.pk/gop/index.php?q=aHR0cDovLzE5Mi4xNjguNzAuMTM2L21vdGkvZnJtRGV0YWlscy5hc3B4P29wdD1taXNjJmlkPTU%3D,,
Ministry of Communications,Federal Ministry / Division,-,"Pakistan Secretariat, Block ""D"", Islamabad","051-9205723, 051-9209973",,http://www.communication.gov.pk,,Wikipedia,https://en.wikipedia.org/wiki/Ministry_of_Communications_(Pakistan),Telephone List,http://www.communication.gov.pk/gop/index.php?q=aHR0cDovLzE5Mi4xNjguNzAuMTM2L21vY2MvZnJtRGV0YWlscy5hc3B4P29wdD1taXNjJmlkPTU%3D,,
Ministry of Defence,Federal Ministry / Division,-,,"051-9271139, 051-9271173","051-9221596, 051-9271115",http://www.mod.gov.pk,complaintcell@mod.gov.pk,Wikipedia,https://en.wikipedia.org/wiki/Pakistan_Ministry_of_Defence,Telephone List,http://www.mod.gov.pk/gop/index.php?q=aHR0cDovLzE5Mi4xNjguNzAuMTM2L21vZC8uL2ZybURldGFpbHMuYXNweD9vcHQ9bWlzY2xpbmtzJmlkPTE5,,
Ministry of Foreign Affairs,Federal Ministry / Division,-,"Sector G-5/1, Islamabad","051-9210335, 051-9211942","051-9207600, 051-9207217",http://www.mofa.gov.pk,,Wikipedia,https://en.wikipedia.org/wiki/Ministry_of_Foreign_Affairs_(Pakistan),Telephone List,http://www.mofa.gov.pk/content.php?pageID=telephonedir,,
Ministry of Housing & Works,Federal Ministry / Division,-,,"051-9209129, 051-9201794","051-9203172, 051-9202952",http://www.housing.gov.pk,info@mohw.gov.pk,Wikipedia,https://en.wikipedia.org/wiki/Ministry_of_Housing_and_Works,Telephone List,http://www.housing.gov.pk/gop/index.php?q=aHR0cDovLzE5Mi4xNjguNzAuMTMwOjkwODAvbW9ody9mcm1EZXRhaWxzLmFzcHg%2Fb3B0PW1pc2MmaWQ9NQ%3D%3D,,
Ministry of Industries and Production,Federal Ministry / Division,-,"Pakistan Secretariat, Block ""A"" & ""D"", Islamabad",051-9203711,051-9202165,http://moip.gov.pk,,Wikipedia,https://en.wikipedia.org/wiki/Ministry_of_Industries_and_Production_(Pakistan),,,,
"Ministry of Information, Broadcasting and National Heritage",Federal Ministry / Division,-,"Pakistan Secretariat, Cabinet Block, 4th Floor, Islamabad","051-9201089, 051-9206399",,http://infopak.gov.pk,webmaster@infopak.gov.pk,Wikipedia,https://en.wikipedia.org/wiki/Ministry_of_Information_and_Broadcasting_(Pakistan),,,,
Ministry of Information Technology and Telecommunication,Federal Ministry / Division,-,"4th Floor, Evacuee Trust Complex, Agha Khan Road,F-5/1, Islamabad","051-9201990, 051-9209484","051-9205233, 051-9209482",http://www.moit.gov.pk,info@moitt.gov.pk,Wikipedia,https://en.wikipedia.org/wiki/Ministry_of_Information_Technology_and_Telecommunication,Telephone List,http://www.moit.gov.pk/gop/index.php?q=aHR0cDovLzE5Mi4xNjguNzAuMTM2L21vaXQvZnJtRGV0YWlscy5hc3B4P29wdD1taXNjJmlkPTU%3D,,
Ministry of Inter Provincial Coordination,Federal Ministry / Division,-,,"051-9103600, 051-9103601","051-9103599, 051-9207760",http://www.ipc.gov.pk,trwingipc@gmail.com,,,Telephone List,http://www.ipc.gov.pk/gop/index.php?q=aHR0cDovLzE5Mi4xNjguNzAuMTM2L2lwYy9mcm1EZXRhaWxzLmFzcHg%2Fb3B0PW1pc2MmaWQ9NQ%3D%3D,,
Ministry of Interior and Narcotics Control,Federal Ministry / Division,-,"Pakistan Secretariat, Block ""R"", Islamabad","051-9212026, 051-9212026","051-9202624, 051-9202168",http://www.interior.gov.pk,,Wikipedia,https://en.wikipedia.org/wiki/Pakistan_Ministry_of_Interior,Telephone List,http://www.interior.gov.pk/gop/index.php?q=aHR0cDovLzE5Mi4xNjguNzAuMTM2L21vaS9mcm1EZXRhaWxzLmFzcHg%2Fb3B0PW1pc2MmaWQ9NQ%3D%3D,,
Ministry of Kashmir Affairs and Gilgit Baltistan,Federal Ministry / Division,-,"Pakistan Secretariat, Block ""R"", Islamabad","051-9209244, 051-9208442","051-9203022, 051-9214635",http://www.kana.gov.pk,contact@kana.gov.pk,,,Telephone List,http://www.kana.gov.pk/contactus.php?page_id=1,,
"Ministry of Law, Justice Law and Human Rights",Federal Ministry / Division,-,"Pakistan Secretariat, Block ""S"", Islamabad","051-9202400, 051-9201367",051-9201722,http://www.molaw.gov.pk,contact@molaw.gov.pk,Wikipedia,"https://en.wikipedia.org/wiki/Ministry_of_Law,_Justice_and_Human_Rights_(Pakistan)",Telephone List,http://www.molaw.gov.pk/gop/index.php?q=aHR0cDovLzE5Mi4xNjguNzAuMTM2L21vbGF3Ly4vZnJtRGV0YWlscy5hc3B4P29wdD1taXNjJmlkPTU%3D,,
Ministry of Petroleum & Natural Resources,Federal Ministry / Division,-,"Pakistan Secretariat, Block ""A"", Islamabad","051-9210220, 051-9219003","051-9206416, 051-9206416 ",http://www.mpnr.gov.pk,contact@mpnr.gov.pk,Wikipedia,https://en.wikipedia.org/wiki/Ministry_of_Petroleum_and_Natural_Resources_(Pakistan),Telephone List,http://www.mpnr.gov.pk/gop/index.php?q=aHR0cDovLzE5Mi4xNjguNzAuMTM2L21wbnIvZnJtRGV0YWlscy5hc3B4P29wdD1taXNjJmlkPTU%3D,,
Ministry of Ports and Shipping,Federal Ministry / Division,-,,"051-9210322, 051-9210344",,http://www.mops.gov.pk,contact@mops.gov.pk,Wikipedia,https://en.wikipedia.org/wiki/Ministry_of_Ports_and_Shipping,Telephone List,http://www.mops.gov.pk/gop/index.php?q=aHR0cDovLzE5Mi4xNjguNzAuMTM2L21vcHMvZnJtRGV0YWlscy5hc3B4P29wdD1taXNjJmlkPTU%3D,,
Ministry of Railways,Federal Ministry / Division,-,"Pakistan Secretariat, 4th Floor, Block ""D"", Islamabad","051-9218515, 051-9213170","051-9214170, 051-9203445",http://www.railways.gov.pk,contact@railways.gov.pk,Wikipedia,https://en.wikipedia.org/wiki/Pakistan_Ministry_of_Railways,Telephone List,http://www.railways.gov.pk/gop/index.php?q=aHR0cDovLzE5Mi4xNjguNzAuMTM2L3JhaWx3YXlzd2ViL2ZybURldGFpbHMuYXNweD9vcHQ9bWlzYyZpZD01,,
Ministry of Religious Affairs and Inter-faith Harmony,Federal Ministry / Division,-,"20-Civic Centre, G-6 Markaz, Islamabad","051-9211981, 051-9203384","051-9205833, 051-9205740",http://www.mora.gov.pk,sogmora@gmail.com,Wikipedia,https://en.wikipedia.org/wiki/Ministry_of_Religious_Affairs_(Pakistan),Telephone List,http://www.mora.gov.pk/gop/index.php?q=aHR0cDovLzE5Mi4xNjguNzAuMTM2L21vcmEvdXNlcmZpbGVzMS9maWxlL0NvbnRhY3RMaXN0KDIpLnBkZg%3D%3D,,
Ministry of Science and Technology,Federal Ministry / Division,-,"8th Floor, Shaheed-e-Millat Secretariat, China Chowk, Blue Area, Islamabad","051-9206569, 051-9202790","051-9205150, 051-9208026",http://www.most.gov.pk,so-gen@most.gov.pk,Wikipedia,https://en.wikipedia.org/wiki/Ministry_of_Science_and_Technology_(Pakistan),Telephone List,http://most.comsatshosting.com/ContactUs.aspx,,
Ministry of States and Frontier Regions,Federal Ministry / Division,-,,"051-9202471, 051-9206801","051-9202494, 051-9203765",http://www.safron.gov.pk,contact@safron.gov.pk,Wikipedia,https://en.wikipedia.org/wiki/Ministry_of_States_and_Frontier_Regions,Telephone List,http://www.safron.gov.pk/gop/index.php?q=aHR0cDovLzE5Mi4xNjguNzAuMTM2L3NhZnJvbi9mcm1EZXRhaWxzLmFzcHg%2Fb3B0PW1pc2MmaWQ9NQ%3D%3D,,
Ministry of Water & Power,Federal Ministry / Division,-,"Pakistan Secretariat, Block ""A"", Islamabad","051-9212442, 051-9212442","051-9221964, 051-9224825",http://www.mowp.gov.pk,info@mowp.gov.pk,Wikipedia,https://en.wikipedia.org/wiki/Ministry_of_Water_and_Power_(Pakistan),Telephone List,http://www.mowp.gov.pk/gop/index.php?q=aHR0cDovLzE5Mi4xNjguNzAuMTM2L21vd3AvZnJtRGV0YWlscy5hc3B4P29wdD1taXNjbGlua3MmaWQ9MTU%3D,,
Ministry of National Health Services Regulation and Coordination,Federal Ministry / Division,-,,,,,,Wikipedia,https://en.wikipedia.org/wiki/Ministry_of_National_Health_Services_Regulation_and_Coordination_(Pakistan),,,,
Ministry of National Food Security and Research,Federal Ministry / Division,-,,"051-9204650, 051-9210088","051-9210616, 051-9205912",http://www.mnfsr.gov.pk,web.nfsr@yahoo.com,Wikipedia,https://en.wikipedia.org/wiki/Ministry_of_National_Food_Security_%26_Research_(Pakistan),Telephone List,http://www.mnfsr.gov.pk/gop/index.php?q=aHR0cDovLzE5Mi4xNjguNzAuMTM2L21uZnNyLy4vZnJtRGV0YWlscy5hc3B4P29wdD1taXNjbGlua3MmaWQ9NDU%3D,,
Capital Administration & Development Division,Federal Ministry / Division,-,,"051-9201864, 051-9201401","051-9201778, 051-9203245",http://www.mocad.gov.pk,,Telephone List,http://www.mocad.gov.pk/gop/index.php?q=aHR0cDovLzE5Mi4xNjguNzAuMTM2L2NhZC9mcm1EZXRhaWxzLmFzcHg%2Fb3B0PW1pc2MmaWQ9NQ%3D%3D,Telephone List,http://www.mocad.gov.pk/gop/index.php?q=aHR0cDovLzE5Mi4xNjguNzAuMTM2L2NhZC9mcm1EZXRhaWxzLmFzcHg%2Fb3B0PW1pc2MmaWQ9NQ%3D%3D,,
Privatization Commission,Commission,-,"5-A, Constitution Avenue, EDB Building, Islamabad","051-9205146, 051-9208525",051-9203076 – 051-9211692,http://privatisation.gov.pk,info@privatisation.gov.pk,,,,,,
Election Commission of Pakistan,Constitutional Body,,"Election House, Constitution Avenue, G-5/2, Islamabad","051-9219139, 051-9205611",,http://www.ecp.gov.pk,info@ecp.gov.pk,Wikipedia,https://en.wikipedia.org/wiki/Election_Commission_of_Pakistan,Contact List,http://ecp.gov.pk/Contactus.aspx,Email List,http://ecp.gov.pk/Contactus/ListofRECDECEmails.aspx
Federal Public Service Commission,Commission,,"F-5/1 Aga Khan road, Islamabad",051-9205075,051-9203410,http://fpsc.gov.pk,fpsc@fpsc.gov.pk,Wikipedia,https://en.wikipedia.org/wiki/Federal_Public_Service_Commission,,,,
Higher Education Commission of Pakistan,Commission,,"Sector H-9, East Service Road, Islamabad",051-90400000,,www.hec.gov.pk,webmaster@hec.gov.pk,Wikipedia,https://en.wikipedia.org/wiki/Higher_Education_Commission_of_Pakistan,Contact List,http://www.hec.gov.pk/Pages/ContactUs.aspx,,
Law and Justice Commission of Pakistan,Commission,,"Supreme Court Building, Constitution Avenue, G-5/2 Islamabad","051-9214109, 051-9207246",,www.ljcp.gov.pk,ljcp@ljcp.gov.pk,Telephone List,http://www.ljcp.gov.pk/Secretariat.html,,,,
Pakistan Atomic Energy Commission,Commission,,"Near ""K"" Block, P.O. Box 1114, Islamabad","051-9213162, 051-9209032",,www.paec.gov.pk,webmaster@paec.gov.pk,Wikipedia,https://en.wikipedia.org/wiki/Pakistan_Atomic_Energy_Commission,,,,
National Commission on the Status of Women,Commission,,"House No. 39, Street No. 56, F/6-4, Islamabad",051-9224875,051-9224877,http://www.ncsw.gov.pk,info@ncsw.gov.pk,Wikipedia,https://en.wikipedia.org/wiki/National_Commission_on_the_Status_of_Women,,,,
State Bank of Pakistan,Autonomous Body,-,"Central Directorate, I.I. Chundrigar Road, Karachi",111-727-111,"021-9212433, 021-9212436",http://www.sbp.org.pk,info@sbp.org.pk,Wikipedia,https://en.wikipedia.org/wiki/State_Bank_of_Pakistan,Email List,http://www.sbp.org.pk/contact/index.asp,,
Department of National Archives of Pakistan,Department,Cabinet Division,"Block-N, Pakistan Secretariat, Islamabad",051-9202044,051-9206349,www.nap.gov.pk,,Wikipedia,https://en.wikipedia.org/wiki/National_Archives_of_Pakistan,Brief,http://www.cabinet.gov.pkgop/index.php?q=aHR0cDovLzE5Mi4xNjguNzAuMTM2L2NhYmluZXQvLi9mcm1EZXRhaWxzLmFzcHg%2Fb3B0PW1pc2NsaW5rcyZpZD0xOQ%3D%3D,,
Department of Stationery and Forms,Department,Cabinet Division,"Cabinet Block, Islamabad","051-9203375, 051-9202171",051-9203376,,,Brief,http://www.cabinet.gov.pkgop/index.php?q=aHR0cDovLzE5Mi4xNjguNzAuMTM2L2NhYmluZXQvLi9mcm1EZXRhaWxzLmFzcHg%2Fb3B0PW1pc2NsaW5rcyZpZD0yMA%3D%3D,,,,
Department of Communications Security,Department,Cabinet Division,"Cabinet Block, Islamabad",051-9246283,,,,Brief,http://www.cabinet.gov.pkgop/index.php?q=aHR0cDovLzE5Mi4xNjguNzAuMTM2L2NhYmluZXQvLi9mcm1EZXRhaWxzLmFzcHg%2Fb3B0PW1pc2NsaW5rcyZpZD0yMQ%3D%3D,,,,
Frequency Allocation Board (FAB),Autonomous Body,Cabinet Division,"Plot No. 112, Sector H-10/4, Islamabad","051-9257747, 051-9257721",051-9257586,http://www.fab.gov.pk,info@fab.gov.pk,Contact List,http://www.fab.gov.pk/category/contact-us,,,,
Intellectual Property Organisation (IPO),Attached Organization,Cabinet Division,"House No. 23, Street 87, Ataturk Avenue (West), Sector G-6/3, Islamabad","051-9208581, 051-9208582",051-9208157,http://www.ipo.gov.pk,dg@ipo.gov.pk,,,,,,
Printing Corporation of Pakistan (PCP),Autonomous Body,Cabinet Division,"Khayaban-e-Suhrawardy, Islamabad","051-9252157, 051-9252159",,http://www.pcp.gov.pk,,,,,,,
National Electric Power Regulatory Authority (NEPRA),Regulatory Authority,Cabinet Division,"NEPRA Tower, Attaturk Avenue (East), Sector G-5/1, Islamabad","051-2013200, 051-9206500",051-2600021,http://www.nepra.org.pk, info@nepra.org.pk,Wikipedia,https://en.wikipedia.org/wiki/National_Electric_Power_Regulatory_Authority,Contact List,http://www.nepra.org.pk/contactus.htm,,
Oil & Gas Regulatory Authority (OGRA),Regulatory Authority,Cabinet Division,"54-B, Fazal-e-Haq Road, Blue Area, Islamabad","051-9221716, 051-9221718","051-9221714, 051-9221721",http://www.ogra.org.pk,chairman@ogra.org.pk,Contact List,http://www.ogra.org.pk/cats_disp.php?cat=185,,,,
Pakistan Telecommunications Authority (PTA),Authority,Cabinet Division,"PTA Head Quarter, Sector F5/1, Islamabad","051-9216767, 051-9225325","051-9216644, 051-2878127",http://www.pta.gov.pk,complaint@pta.gov.pk,Wikipedia,https://en.wikipedia.org/wiki/Pakistan_Telecommunication_Authority,Telephone List,http://www.pta.gov.pk/index.php?option=com_content&view=article&id=363%3Acontact-us&catid=69%3Aabout-us&Itemid=1,,
Public Procurement Regulatory Authority (PPRA),Regulatory Authority,Cabinet Division,"1st Floor, FBC Building, Near State Bank, Sector G-5/2, Islamabad","051-9224824, 051-9202254","051-9224823, 051-9219149",http://www.ppra.org.pk,info@ppra.org.pk,Telephone List,http://www.ppra.org.pk/contact.asp,,,,
Central Board of Film Censor,Autonomous Body,Cabinet Division,"18, School Building, Street No. 55, F-6/4, Islamabad",051-9204163,,,,Wikipedia,https://en.wikipedia.org/wiki/Central_Board_of_Film_Censors,,,,
Capital Development Authority (CDA),Development Authority,Cabinet Division,"Khayaban-e-Suharwardi, Sector G-7/4, Islamabad","051-9253001, 051-9253003","051-9253009, 051-9252113",http://cda.gov.pk,chairman@cda.gov.pk,Wikipedia,https://en.wikipedia.org/wiki/Capital_Development_Authority,Telephone List,http://www.cda.gov.pk/contact_us/,,
Secretariat Training Institute,Institution,Establishment Division,"Plot No. 7, Sector H-9, Near By NUML University, Islamabad","051-9259011, 051-9259012",051-9259019,http://sti.gov.pk,dg@sti.gov.pk,Contact List,http://sti.gov.pk/index.php/contact-us,,,,
Staff Welfare Organization,Attached Organization,Establishment Division,"Community Center, Aabpara, Islamabad","051-9252929, 051-9253000",,,,,,,,,
Federal Employees Benevolent & Group Insurance Funds,Attached Organization,Establishment Division,"Benevolent Fund Building, Zero Point, Islamabad","051-9252180, 051-9252372","051-9252363, 051-9252386",http://www.febgif.gov.pk,febgif@hotmail.com,Telephone List,http://febgif.gov.pk/ContactUs.aspx,,,,
National Disaster Management Authority,Authority,Ministry of Climate Change,"Prime Minister's Office, 2nd Floor, Sector G-5/1, Constitution Avenue, Islamabad","051-9205037, 051-9222373",051-9205086,http://www.ndma.gov.pk,info@ndma.gov.pk,Wikipedia,https://en.wikipedia.org/wiki/National_Disaster_Management_Authority_(Pakistan),Contact List,http://www.ndma.gov.pk/new/contactus/contactus.php,,
Pakistan Environmental Protection Agency,Department,Ministry of Climate Change,"Plot No. 42, Street No. 6, H-8/2, Islamabad","051-9250713, 051-9250714","051-4922134, 051-9250715",http://www.environment.gov.pk,dg@environment.gov.pk,Wikipedia,https://en.wikipedia.org/wiki/Pakistan_Environmental_Protection_Agency,Contact List,http://environment.gov.pk/contact-us/,,
Pakistan Environmental Planning & Architectural Consultants Ltd.,Department,Ministry of Climate Change,"24-D, 3rd Floor, Rashid Plaza, Blue Area, Islamabad",051-9204721,,,,Brief,http://www.mocc.gov.pkgop/index.php?q=aHR0cDovLzE5Mi4xNjguNzAuMTM2L21vY2xjL3VzZXJmaWxlczEvZmlsZS9NT0MvUEVQQUNJTlRST0RVQ1RJT04uZG9j,,,,
Pakistan Environmental Protection Council,Department,Ministry of Climate Change,,,,,,Brief,http://www.mocc.gov.pkgop/index.php?q=aHR0cDovLzE5Mi4xNjguNzAuMTM2L21vY2xjL3VzZXJmaWxlczEvZmlsZS9NT0MvUEVQQy5kb2M%3D,,,,
Zoological Survey Department,Department,Ministry of Climate Change,"Kiani Road, Bhara Kahu, Islamabad",051-2233121,051-2233511,http://www.zsd.gov.pk,zoology@isb.comsats.net.pk,Wikipedia,https://en.wikipedia.org/wiki/Zoological_Survey_Department_of_Pakistan,,,,
Pakistan International Airlines (PIA),Company,Aviation Division,"PIA Head Office, Jinnah International Airport, Karachi",021-111-786-786,021-99242165,http://www.piac.com.pk,info@piac.aero,Wikipedia,https://en.wikipedia.org/wiki/Pakistan_International_Airlines,Contact List,http://www.piac.com.pk/PIA_PolicynTerms/pia-Contactus.asp,,
Auditor General of Pakistan,Attached Organization,Ministry of Finance,"Constitution Avenue, Islamabad","051-9219161, 051-9224082","051-9207924, 051-9214530",http://www.agp.gov.pk,sysadmin@agp.gov.pk,Wikipedia,https://en.wikipedia.org/wiki/Auditor_General_of_Pakistan,Telephone List,http://www.agp.gov.pk/tele-dir.html,,
Accountant General of Pakistan Revenue (AGPR),Attached Organization,Ministry of Finance,"Sector G-8/4, Islamabad","051-9260038, 051-9260782","051-9260356, 051-9260891",http://www.agpr.gov.pk,agpr@agpr.gov.pk,,,Telephone List,http://www.agpr.gov.pk/telnos.html,,
Controller General of Accounts,Attached Organization,Ministry of Finance,"Federal Bank for Cooperative Building, CGA Complex, G-5/2, Islamabad,",051-9201322-25,051-9245518,http://www.cga.gov.pk,webmaster@cga.gov.pk,Wikipedia,https://en.wikipedia.org/wiki/Controller_General_of_Accounts_(Pakistan),Telephone List,http://www.cga.gov.pk/contact_us.php,,
Securities and Exchange Commission of Pakistan,Attached Organization,Ministry of Finance,"National Insurance Corporation Building, Jinnah Avenue, Islamabad",051-9207091-4,051-9204915,www.secp.gov.pk,webmaster@secp.gov.pk,Wikipedia,https://en.wikipedia.org/wiki/Securities_and_Exchange_Commission_of_Pakistan,Contact List,http://www.secp.gov.pk/contact.asp,,
Competition Commission Of Pakistan,Attached Organization,Ministry of Finance,"7th Floor South , ISE Towers 55-B, Jinnah Avenue, Islamabad",051-9100260-3,051-9100251,www.cc.gov.pk,vkhalil@cc.gov.pk,Wikipedia,https://en.wikipedia.org/wiki/Competition_Commission_of_Pakistan,Contact List,http://www.cc.gov.pk/index.php?option=com_content&view=article&id=8&Itemid=155,,
Central Directorate of National Savings,Attached Organization,Ministry of Finance,"23-N, Savings House, G-6 Markaz, Civic Centre, Islamabad","051-9215741, 051-9215743",051-9215761,http://www.savings.gov.pk,info@savings.gov.pk,,,Contact List,http://savings.gov.pk/contact_us.asp,,
Federal Board of Revenue,Attached Organization,Revenue Division,"Constitution Avenue, G-5, Islamabad.","051-111-227-228, 051-9207540",051-9205593,http://www.fbr.gov.pk,helpline@fbr.gov.pk,Wikipedia,https://en.wikipedia.org/wiki/Federal_Board_of_Revenue_(Pakistan),Contact List,http://www.fbr.gov.pk/help.aspx,,
Pakistan Bureau of Statistics,Department,Statistics Division,"Statistics House, 21-Mauve Area, G-9/1, Islamabad","051-9106515, 051-9106565",051-9106556,http://www.pbs.gov.pk,pbs@pbs.gov.pk,Wikipedia,https://en.wikipedia.org/wiki/Pakistan_Bureau_of_Statistics,Contact List,http://www.pbs.gov.pk/content/contacts,,
National Fertilizer Development Centre,Attached Organization,"Ministry of Planning, Development and Reforms","Street No. 1, H-8/1, P.O. Box 3104, Islamabad",051-9259123-4,051-9259128,http://www.nfdc.gov.pk,nfdc@isb.comsats.net.pk,Wikipedia,https://en.wikipedia.org/wiki/National_Fertilizer_Development_Centre,,,,
Flood Reconstruction Unit,Attached Organization,"Ministry of Planning, Development and Reforms",,,,,,Brief,http://pc.gov.pkorganization/fru.doc,,,,
National Logistic Cell (NLC),Attached Organization,"Ministry of Planning, Development and Reforms","Kashmir Road, Near R.A Bazar, Rawalpindi",051-111-652-000,,http://www.nlc.com.pk,info@nlc.com.pk,Wikipedia,https://en.wikipedia.org/wiki/National_Logistics_Cell,Contact List,http://www.nlc.com.pk/contacts,,
Pakistan Planning and Management Institute (PPMI),Institution,"Ministry of Planning, Development and Reforms","Sector H-8/1, Islamabad","051-9250206, 051-9250755",051-9250755,,,Wikipedia,https://en.wikipedia.org/wiki/Planning_Commission_(Pakistan)#Pakistan_Planning_and_Management_Institute,Brief,http://pc.gov.pkorganization/sections/ppmi.pdf,,
Pakistan Institute of Development Economics (PIDE),Institution,"Ministry of Planning, Development and Reforms","Quaid-i-Azam University Campus, P.O. Box. 1091, Islamabad","051-9248074, 051-9248051",051-9248065,http://www.pide.org.pk,vc@pide.org.pk,Wikipedia,https://en.wikipedia.org/wiki/Pakistan_Institute_of_Development_Economics,Contact List,http://www.pide.org.pk/index.php?option=com_content&view=article&id=205&Itemid=279,,
Trade Development Authority of Pakistan,Attached Organization,Ministry of Commerce,"3rd Floor, Block A, Finance & Trade Centre, P.O. Box No. 1293, Shahrah-e-Faisal, Karachi",021-99206487-90,021-99206461,http://www.tdap.gov.pk,tdap@tdap.gov.pk,Wikipedia,https://en.wikipedia.org/wiki/Trade_Development_Authority_(Pakistan),,,,
Trading Corporation of Pakistan,Attached Organization,Ministry of Commerce,"4th & 5th Floor, FTC Building, Shara-e-Faisal, Karachi",021-99202947-49,021-99202722,http://www.tcp.gov.pk,tcp@tcp.gov.pk,Wikipedia,https://en.wikipedia.org/wiki/Trading_Corporation_of_Pakistan,Contact List,http://www.tcp.gov.pk/ContactUs.aspx,,
State Life Insurance Corporation of Pakistan,Attached Organization,Ministry of Commerce,"State Life Building No. 9, Dr. Ziauddin Ahmed Road, Karachi",021-99202800-9,"021-99202844, 021-99204522",http://www.statelife.com.pk,,Wikipedia,https://en.wikipedia.org/wiki/State_Life,Telephone List,http://www.statelife.com.pk/html/head_office.cfm,,
National Insurance Company Limited,Attached Organization,Ministry of Commerce,"NICL Building, Abbasi Shaheed Road, Karachi ",111-642-642,,http://www.nicl.com.pk,info@nicl.com.pk,Contact List,http://www.nicl.com.pk/our_network.aspx,,,,
Pakistan Reinsurance Company Limited,Attached Organization,Ministry of Commerce,"PRC Towers, 32 - A, Lalazar Drive, M.T. Khan Road, Karachi",021-9202908-14,021-99202921-22,http://www.pakre.org.pk,,Contact List,http://www.pakre.org.pk/ms//index.php?option=com_content&task=view&id=191&Itemid=249,,,,
Pakistan Tobacco Board,Semi-Autonomous,Ministry of Commerce,"46-B, Office Enclave, Phase-V, Hayatabad, Peshawar",091-921715,091-9217149,http://www.ptb.gov.pk,mail@ptb.gov.pk,Wikipedia,https://en.wikipedia.org/wiki/Pakistan_Tobacco_Board,,,,
National Tariff Commission,Attached Organization,Ministry of Commerce,"4th Floor, State Life Building No. 5, Sector F-6/4, Blue Area, Islamabad",051-9202839,051-9221205,http://www.ntc.gov.pk,ntc@ntc.gov.pk ,Wikipedia,https://en.wikipedia.org/wiki/Pakistan_Ministry_of_Commerce#National_Tariff_Commission,,,,
Directorate General of Trade Organizations,Attached Organization,Ministry of Commerce,"State Life Building No. 7, 2nd Floor, China Chowk, Blue Area, Islamabad",051-9213315-8,051-9213319-20,http://www.dgto.gov.pk,info@dgto.gov.pk,Wikipedia,https://en.wikipedia.org/wiki/Pakistan_Ministry_of_Commerce#Directorate_General_of_Trade_Organizations,,,,
Pakistan Institute of Trade and Development,Institution,Ministry of Commerce,"Plot No. 82, Pitras Bukhari Road, Sector H-8/4, Islamabad",051-9205291,051-9202146,http://www.pitad.org.pk,info@pitad.org.pk,Wikipedia,https://en.wikipedia.org/wiki/Pakistan_Ministry_of_Commerce#Pakistan_Institute_of_Trade_and_Development,,,,
Pakistan Institute of Fashion and Design,Institution,Ministry of Commerce,"51-J/3, Johar Town, Lahore",042-35315401-08,"042-35303998, 042-35315420",http://www.pifd.edu.pk,registrar@pifd.edu.pk,Wikipedia,https://en.wikipedia.org/wiki/Pakistan_Institute_of_Fashion_and_Design,,,,
Pakistan Horticulture Development & Export Company,Attached Organization,Ministry of Commerce,"30 N, Model Town Extension, Lahore",042-99232210-17,042-99232220,http://www.phdec.org.pk/,info@phdec.org.pk,Wikipedia,https://en.wikipedia.org/wiki/Pakistan_Horticulture_Development_and_Export_Company,,,,
National Textile University,Institution,Ministry of Textile Industry,"Sheikhupura Road, Faisalabad",041-9230081-85,041-9230098,http://www.ntu.edu.pk,info@ntu.edu.pk,Wikipedia,https://en.wikipedia.org/wiki/National_Textile_University,,,,
Pakistan Central Cotton Committee,Autonomous Body,Ministry of Textile Industry,"Old shuja Abad Road (CCRI), Multan","061-9201657, 061-9201658","021-99244472, 021-34974857",http://www.pccc.gov.pk,dmer@pccc.gov.pk,Contact List,http://www.pccc.gov.pk/?page=contact-us,,,,
"Textile Research, Development and Advisory Cell",Attached Organization,Ministry of Textile Industry,"Evacuee Trust, F-5/1, First Floor, Ministry of Textile Industry, Islamabad.","051-9241317, 051-9216008",051-9216011,http://www.rdacell.com/,manager.it@rdacell.com,Email List,http://www.rdacell.com/contact/,,,,
Synthetic Fibre Development & Application Centre (SFDAC),Attached Organization,Ministry of Textile Industry,"St 2, Sector 30, Korangi Industrial Area, Karachi","021-35066390, 051-35064112",021-35060400,http://www.sfdac.org.pk,info@sfdac.org.pk,,,,,,
Textile Commissioner's Organization,Attached Organization,Ministry of Textile Industry,"2nd Floor, Kandawala Building, M.A. Jinnah Road, Karachi",021-99215080,021-99215014,http://www.tco.com.pk,info@tco.com.pk,Contact List,http://www.tco.com.pk/contact/,,,,
Pakistan Cotton Standards Institute (PCSI),Attached Organization,Ministry of Textile Industry,"Plot No. H-18, Near SITE Stadium, Manghopir Road, S.I.T.E., Karachi",061-9239225,061-6539532,,,Brief,http://www.textile.gov.pkgop/index.php?q=aHR0cDovLzE5Mi4xNjguNzAuMTM2L21vdGkvLi9mcm1EZXRhaWxzLmFzcHg%2Fb3B0PW1pc2NsaW5rcyZpZD0xNA%3D%3D,,,,
Faisalabad Garment City Company,Attached Organization,Ministry of Textile Industry,"Value Addition City, 1-1/2 K.M. Khurrianwala, Sahiwala Road, Khurrianwala, Faisalabad.",041-8507208-09,,http://fgcc.org.pk,info@fgcc.org.pk,,,,,,
Lahore Garment City Company,Attached Organization,Ministry of Textile Industry,"132-P, Gulberg II, Lahore",042-35870659,042-35872087,http://www.lgcc.org.pk,info@lgcc.org.pk,,,,,,
Karachi Garment City Company,Attached Organization,Ministry of Textile Industry,"49-C, Shahbaz Commercial-II, main Khy-e-Sehar, Phase-VI, DHA, Karachi","021-35243249, 021-5243169-70",021-35243250,http://kgcc.org.pk/,info@kgcc.org.pk,Brief,http://www.textile.gov.pkgop/index.php?q=aHR0cDovLzE5Mi4xNjguNzAuMTM2L21vdGkvLi9mcm1EZXRhaWxzLmFzcHg%2Fb3B0PW1pc2NsaW5rcyZpZD0xNQ%3D%3D,,,,
Pakistan Textile City Limited,Attached Organization,Ministry of Textile Industry,"C-1/7, Faisal Cottages, Mohammad Ali Bogra Road, Gulshan-e-Faisal, Bath Island, Karachi",021-35869566-69,021- 35869570,http://www.textilecity.com.pk,info@textilecity.com.pk,,,,,,
National Highways and Motorways Police,Attached Organization,Ministry of Communications,"H. No. 7, Kaghan Road, Sector F-8/3, Islamabad","051-9260018, 051-9260019",051-9262420,http://www.nhmp.gov.pk,info@nhmp.gov.pk,Wikipedia,https://en.wikipedia.org/wiki/National_Highways_%26_Motorway_Police,Contact List,http://nhmp.gov.pk/contact-numbers/,,
National Highways Authority,Attached Organization,Ministry of Communications,"27, Mauve Area, G-9/1, Islamabad","051-9260417, 051-9260717","051-9260404, 051-9260216",http://nha.gov.pk,info@nha.gov.pk,Wikipedia,https://en.wikipedia.org/wiki/National_Highway_Authority,Contact List,http://nha.gov.pk/contact-us/,,
National Transport Research Center,Attached Organization,Ministry of Communications,"Street 5, Sector H-8/2, Islamabad",051-9250442,051-9250441,http://www.ntrc.gov.pk,info@ntrc.gov.pk,Wikipedia,https://en.wikipedia.org/wiki/Ministry_of_Communications_(Pakistan)#National_Transport_Research_Centre,,,,
Construction Technology Training Institute,Institution,Ministry of Communications,"IJP Road, PO Shaigan, I-12, Islamabad ","051-9278103, 051-9278106",,http://ctti.edu.pk,info@ctti.edu.pk,,,,,,
Pakistan Post Office Department,Attached Organization,Ministry of Communications,"G-8/4, Islamabad","051-9260179, 051-4102906",,http://pakpost.gov.pk,dg@pakpost.gov.pk,Wikipedia,https://en.wikipedia.org/wiki/Pakistan_Post,Contact List,http://pakpost.gov.pk/contact/contact.html,,
Pakistan Post Foundation,Attached Organization,Ministry of Communications,"Golra Road, Islamabad",051-9247598,051-9247599,http://www.ppf.com.pk,info@ppf.com.pk,Wikipedia,https://en.wikipedia.org/wiki/Ministry_of_Communications_(Pakistan)#Pakistan_Post_Foundations,,,,
Federal Government Education Institutions,Attached Organization,Ministry of Defence,"Sir Syed Road, Rawalpindi",051-9271966,,http://www.fgei-cg.gov.pk,gcoord@fgei-cg.gov.pk,,,,,,
Inter Services Public Relations,Attached Organization,Ministry of Defence,"Joint Staff Headquarters, Rawalpindi","051-9271600, 051-56130041",051-9271682,http://www.ispr.gov.pk,dg@ispr.gov.pk,Wikipedia,https://en.wikipedia.org/wiki/Inter-Services_Public_Relations,Contact List,https://www.ispr.gov.pk/front/main.asp?o=t-pr_contacts&director_id=dgispr,,
Inter Services Selection Board,Attached Organization,Ministry of Defence,"GSO-2 (Selection), ISSB Kohat Cantonement","0922-9260085, 0922-5213808",,http://www.issb.com.pk,gso2@issb.com.pk,Wikipedia,https://en.wikipedia.org/wiki/Inter_Services_Selection_Board,Contact List,http://www.issb.com.pk/contact.html,,
Pakistan Military Accounts Department,Attached Organization,Ministry of Defence,"Kashmir Road, Rawalpindi Cantt.","051-9270709, 051-9270342",,http://www.pmad.gov.pk,info@pmad.gov.pk,Contact List,http://www.pmad.gov.pk/controller-offices,,,,
Pakistan Army,Attached Organization,Ministry of Defence,"GHQ, Rawalpindi",,,http://www.pakistanarmy.gov.pk,,Wikipedia,https://en.wikipedia.org/wiki/Pakistan_Army,,,,
Pakistan Air Force,Attached Organization,Ministry of Defence,"Air Headquarters, Islamabad","051-9507751, 051-9507753","051-9260868, 051-9260868",http://www.paf.gov.pk,mediaaffair@paf.gov.pk,Wikipedia,https://en.wikipedia.org/wiki/Pakistan_Air_Force,Contact List,http://www.paf.gov.pk/contact_us.html,,
National Defence University,Attached Organization,Ministry of Defence,"E-9/3, Islamabad",051-9262066-68,,http://www.ndu.edu.pk,presidentndu@ndu.edu.pk,Wikipedia,"https://en.wikipedia.org/wiki/National_Defence_University,_Pakistan",Email List,http://www.ndu.edu.pk/hq_contacts.php,,
Pakistan Navy,Attached Organization,Ministry of Defence,"Naval Headquarters, E-9, Islamabad",051-20062370-3,"051-9261551, 051-9261553",http://www.paknavy.gov.pk,webmaster@paknavy.gov.pk,Wikipedia,https://en.wikipedia.org/wiki/Pakistan_Navy,,,,
Foreign Service Academy,Institution,Ministry of Foreign Affairs,"F-5/2, Islamabad","051-9212083, 051-9203264",051-9203264,http://www.fsa.gov.pk,,Wikipedia,https://en.wikipedia.org/wiki/Foreign_Service_Academy,Telephone List,http://www.fsa.gov.pk/Contact.htm,,
Institute of Strategic Studies,Institution,Ministry of Foreign Affairs,"F-5/2, Islamabad",051-9204423-4,051-9204658,http://www.issi.org.pk,strategy@issi.org.pk,Wikipedia,https://en.wikipedia.org/wiki/The_Institute_of_Strategic_Studies,,,,
Strategic Export Control Division,Attached Organization,Ministry of Foreign Affairs,"Sector G-5/1, Islamabad","051-9266152, 051-9240098",,http://www.mofa.gov.pk/secdiv/,ddpsecdiv@mofa.gov.pk,,,,,,
Estate Office,Attached Organization,Ministry of Housing & Works,"8th & 9th Floor, Shaheed-e-Millat Secretariat, Blue Area, Islamabad","051-9214121, 051-9214283",,http://www.estate-office.gov.pk,,Wikipedia,https://en.wikipedia.org/wiki/Ministry_of_Housing_and_Works#Estate_Office,Contact List,http://www.estate-office.gov.pk/gop/index.php?q=aHR0cDovLzE5Mi4xNjguNzAuMTMwOjkwODAvc3RvLy4vZnJtRGV0YWlscy5hc3B4P29wdD1taXNjJmlkPTU%3D,,
Federal Government Employees Housing Foundation,Attached Organization,Ministry of Housing & Works,"10 - Mauve Area, G-10/4, Islamabad","051-9106050, 051-9106076",051-9106051,http://www.fgehf.gov.pk,,Wikipedia,https://en.wikipedia.org/wiki/Ministry_of_Housing_and_Works#Federal_Government_Employees_Housing_Foundation,Telephone List,http://fgehf.gov.pk/Page.aspx?PageNo=23,,
National Housing Authority,Attached Organization,Ministry of Housing & Works,"27, Mauve Area, G-9/1, Islamabad","051-9260417, 051-9260717","051-9260404, 051-9260216",http://www.nha.gov.pk,info@nha.gov.pk,Wikipedia,https://en.wikipedia.org/wiki/Ministry_of_Housing_and_Works#National_Housing_Authority,Contact List,http://nha.gov.pk/contact-us/,,
Pakistan Public Works Department (Pak PWD),Attached Organization,Ministry of Housing & Works,"G-9/1, Islamabad","051-9260839, 051-9260839","051-9261008, 051-962198",http://www.pwd.gov.pk,,Wikipedia,https://en.wikipedia.org/wiki/Pakistan_Public_Works_Department,Contact List,http://www.pwd.gov.pk/ppp.htm,,
Pakistan Housing Authority,Attached Organization,Ministry of Housing & Works,"Shaheed-e-Milat Secretariat, Ground Floor Blue Area ,Islamabad","051-9206036, 051-9205987",,http://www.pha.gov.pk,,Wikipedia,https://en.wikipedia.org/wiki/Ministry_of_Housing_and_Works#Pakistan_Housing_Authority,Contact List,http://www.pha.gov.pk/Page.aspx?PageNo=13,,
Pakistan Industrial Development Corporation,Corporation,Ministry of Industries and Production,"2nd Floor, PIDC House, Dr. Ziauddin Road , Karachi ,Pakistan",021-35685041-9,,http://pidc.com.pk,info@pidc.com.pk,Wikipedia,https://en.wikipedia.org/wiki/Pakistan_Industrial_Development_Corporation,Contact List,http://pidc.com.pk/contact-us/,,
Small and Medium Enterprise Development Authority (SMEDA),Autonomous Body,Ministry of Industries and Production,"4th Floor, Building no.3, Aiwan-e-Iqbal Complex, Egerton Road, Lahore",042-111-111-456,042-36304926-7,www.smeda.org,helpdesk@smeda.org.pk,Wikipedia,https://en.wikipedia.org/wiki/Pakistan_Small_and_Medium_Enterprise_Development_Authority,Contact List,http://www.smeda.org/index.php?option=com_content&view=article&id=12&Itemid=113,,
Utility Stores Corporation,Corporation,Ministry of Industries and Production,"Plot No. 2039, Sector G-7/F-7, Jinnah Avenue, Blue Area, Islamabad",051-9245028-29,"051-9245027, 051-9245027",www.usc.org.pk,usc_ho@ucs.org.pk,Wikipedia,https://en.wikipedia.org/wiki/Utility_Stores_Corporation,Telephone List,http://www.usc.org.pk/contacts/head-office.html,,
National Industrial Parks Development & Management Company,Company,Pakistan Industrial Development Corporation,"2nd Floor, Block-C, Finance & Trade Center, Shahrah-e-Faisal, Karachi",021-99225035-9,021-35631069,http://nip.com.pk,info@nip.com.pk,Wikipedia,https://en.wikipedia.org/wiki/Pakistan_Industrial_Development_Corporation#National_Industrial_Parks_Development_and_Management_Company,Contact List,http://nip.com.pk/contact-us/,,
Technology Up-Gradation & Skill Development Company,Company,Pakistan Industrial Development Corporation,"State Cement Corporation Building, Kot Lakhpat, Lahore",042-111-000-143,"042-35121658, 042-35145792",http://tusdec.org.pk,info@tusdec.org.pk,Wikipedia,https://en.wikipedia.org/wiki/Pakistan_Industrial_Development_Corporation#Technology_Up-Gradation_.26_Skill_Development_Company,,,,
"Karachi Tools, Dies And Moulds Centre",Company,Pakistan Industrial Development Corporation,"Sector 38, NC No-24, Adjacent to Pakistan Refinary Limited Korangi Creek Industrial Park, Korangi Creek Road, Karachi","021-35121888, 021-35120499",021-35121890,http://www.ktdmc.com/,info@ktdmc.com,Wikipedia,https://en.wikipedia.org/wiki/Pakistan_Industrial_Development_Corporation#Karachi_Tools.2C_Dies_And_Moulds_Centre,,,,
Pakistan Stone Development Company,Company,Pakistan Industrial Development Corporation,"2nd floor, Islamabad Chamber of Commerce & industry Building Area, G-8/1, Islamabad", 051-9263465-7,051-9263664,http://pasdec.com.pk,info@pasdec.com.pk,Wikipedia,https://en.wikipedia.org/wiki/Pakistan_Industrial_Development_Corporation#Pakistan_Stone_Development_Company,,,,
Pakistan Gems & Jewellery Development Company,Company,Pakistan Industrial Development Corporation,"Suite No. 115 – 118, First Floor, Progressive Plaza, Beaumont Road, Karachi",021-35631395-7,021-35631398 ,http://pgjdc.org,info@pgjdc.org,Wikipedia,https://en.wikipedia.org/wiki/Pakistan_Industrial_Development_Corporation#Pakistan_Gems_.26_Jewellery_Development_Company,Contact List,http://pgjdc.org/contact-us/,,
Pakistan Hunting & Sporting Arms Development Company,Company,Pakistan Industrial Development Corporation,"Ground Floor, Statelife Building, The Mall, Cantt, Peshawar","091-9212223, 091-9211124",091-9210186,http://phsadc.org/,info@phsadc.org,Wikipedia,https://en.wikipedia.org/wiki/Pakistan_Industrial_Development_Corporation#Pakistan_Hunting_.26_Sporting_Arms_Development_Company,,,,
Furniture Pakistan Company,Company,Pakistan Industrial Development Corporation,"4-A Lawrence Road, Lahore",042-99205271-74,042-99205276,http://furniturepakistan.org.pk,,Wikipedia,https://en.wikipedia.org/wiki/Pakistan_Industrial_Development_Corporation#Furniture_Pakistan_Company,Telephone List,http://furniturepakistan.org.pk/official-directory/,,
Southern Punjab Embroidery Industry,Company,Pakistan Industrial Development Corporation,"Northern by Pass Neel Kot, Zikrya Public School, Bosan Road, Multan",061-9239582-4,061-6244166,http://www.spei.com.pk,info@spei.com.pk,Wikipedia,https://en.wikipedia.org/wiki/Pakistan_Industrial_Development_Corporation#Southern_Punjab_Embroidery_Industry,,,,
Aik Hunar Aik Nagar,Company,Pakistan Industrial Development Corporation,"29-A, Model Town, Lahore",042-35915973/5,042-35884739,http://ahan.org.pk,info@http://ahan.org.pk,Wikipedia,https://en.wikipedia.org/wiki/Pakistan_Industrial_Development_Corporation#Aik_Hunar_Aik_Nagar,,,,
Sind Engineering (PVT) Limited,Company,Pakistan Industrial Development Corporation,"16 - Dockyard Road, West Wharf, Karachi","021-32202725, 021-32202721",,http://www.sindengg.com.pk,,Wikipedia,https://en.wikipedia.org/wiki/Pakistan_Industrial_Development_Corporation#Sind_Engineering_.28PVT.29_Limited,,,,
Pakistan Chemical And Energy Sector Skills Development,Company,Pakistan Industrial Development Corporation,"Technical Training College, Daharki Road, Daharki, Ghotki, Sindh",0723-643446,,http://www.pcessdc.com/,,Wikipedia,https://en.wikipedia.org/wiki/Pakistan_Industrial_Development_Corporation#Pakistan_Chemical_And_Energy_Sector_Skills_Development,,,,
Pakistan National Council of Arts (PNCA),Autonomous Body,"Ministry of Information, Broadcasting and National Heritage","Plot No. 5, F-5/1, Islamabad","051-9205336, 051-9205273","051-9205392, 051-9208810",www.pnca.org.pk,pncoaisb@gmail.com,Wikipedia,https://en.wikipedia.org/wiki/Pakistan_National_Council_of_the_Arts,,,,
National Institute of Folk & Traditional Heritage,Autonomous Body,"Ministry of Information, Broadcasting and National Heritage","Garden Avenue, Shakarparian, Islamabad","051-9252106, 051-9252091","051-9252097, 051-9252096",http://lokvirsa.org.pk,info@lokvirsa.org.pk,Wikipedia,https://en.wikipedia.org/wiki/Lok_Virsa_Museum,,,,
Pakistan Academy of Letters,Autonomous Body,"Ministry of Information, Broadcasting and National Heritage","Pitrus Bukhari Road, H-8/1, Islamabad",051-9250342,,http://pal.gov.pk,conference@pal.gov.pk,Wikipedia,https://en.wikipedia.org/wiki/Pakistan_Academy_of_Letters,Contact List,http://pal.gov.pk/?page_id=372,,
Quaid-i-Azam Mazar Management Board,Autonomous Body,"Ministry of Information, Broadcasting and National Heritage","Office of the Resident Engineer, Behind Quaid’s Mausoleum, Karachi",021-99230171-3,021-99230174,,quaid_mazar@yahoo.com,Wikipedia,https://en.wikipedia.org/wiki/Ministry_of_Information_and_Broadcasting_(Pakistan)#Quaid-e-Azam_Mazar_Management_Board,Brief,http://nationalheritage.gov.pkqaammb.html,,
Iqbal Academy Pakistan,Autonomous Body,"Ministry of Information, Broadcasting and National Heritage","6th Floor, Academy Block, Aiwan-e-Iqbal Complex, Egerton Road, Lahore",042-99203573,042-36314496,http://www.iap.gov.pk,info@iap.gov.pk,Wikipedia,https://en.wikipedia.org/wiki/Iqbal_Academy_Pakistan,,,,
Press Council of Pakistan (PCP),Autonomous Body,"Ministry of Information, Broadcasting and National Heritage","6th Floor, Rafi Center, Zero Point, Islamabad",051-9252307,051-2203593,http://www.presscouncil.org.pk,secretariat@presscouncil.org.pk,Wikipedia,https://en.wikipedia.org/wiki/Ministry_of_Information_and_Broadcasting_(Pakistan)#Press_Council_of_Pakistan,Telephone List,http://presscouncil.org.pk/officials/,,
Institute of Regional Studies (IRS),Autonomous Body,"Ministry of Information, Broadcasting and National Heritage",,,,http://www.irs.org.pk,,Wikipedia,https://en.wikipedia.org/wiki/Institute_of_Regional_Studies,,,,
Shalimar Recording & Broadcasting Company,Autonomous Body,"Ministry of Information, Broadcasting and National Heritage",,,,http://www.srbc.com.pk,,Wikipedia,https://en.wikipedia.org/wiki/Ministry_of_Information_and_Broadcasting_(Pakistan)#Shalimar_Recording_.26_Broadcasting_Company_Ltd,,,,
Federal Land Commission,Statutory Body,"Ministry of Information, Broadcasting and National Heritage","Shaheed-e-Millat Building, 7th Floor, Islamabad",051-9202330,051-9201572,,,Wikipedia,https://en.wikipedia.org/wiki/Ministry_of_Information_and_Broadcasting_(Pakistan)#Federal_Land_Commission,Brief,http://nationalheritage.gov.pkflc.html,,
Aiwan-e-Iqbal Complex,Organization,"Ministry of Information, Broadcasting and National Heritage","Egerton Road, Lahore",042-99204534,042-92044494,,aiwaneiqbal@yahoo.com,Wikipedia,https://en.wikipedia.org/wiki/Aiwan-e-Iqbal,Brief,http://nationalheritage.gov.pkaiwaniiqbal.html,,
Quaid-i-Azam Academy,Organization,"Ministry of Information, Broadcasting and National Heritage",,,,http://www.quaidiazamacademy.com,,Wikipedia,https://en.wikipedia.org/wiki/Quaid-i-Azam_Academy,,,,
Associated Press of Pakistan,News Agency,"Ministry of Information, Broadcasting and National Heritage",,,,http://www.app.com.pk,,Wikipedia,https://en.wikipedia.org/wiki/Associated_Press_of_Pakistan,,,,
Pakistan Broadcasting Corporation,Corporation,"Ministry of Information, Broadcasting and National Heritage",,,,http://radio.gov.pk,,Wikipedia,https://en.wikipedia.org/wiki/Pakistan_Broadcasting_Corporation,,,,
Pakistan Television Corporation,Corporation,"Ministry of Information, Broadcasting and National Heritage",,,,http://www.ptv.com.pk,,Wikipedia,https://en.wikipedia.org/wiki/Pakistan_Television_Corporation,,,,
Directorate of Electronic Media & Publication (DEMP),Department,"Ministry of Information, Broadcasting and National Heritage",,,,http://demp.gov.pk,,Wikipedia,https://en.wikipedia.org/wiki/Ministry_of_Information_and_Broadcasting_(Pakistan)#Directorate_of_Electronic_Media_and_Publications,,,,
Press Information Department (PID),Department,"Ministry of Information, Broadcasting and National Heritage",,,,http://www.pid.gov.pk,,Wikipedia,https://en.wikipedia.org/wiki/Ministry_of_Information_and_Broadcasting_(Pakistan)#Press_Information_Department,,,,
Department of Archaeology & Museums (DOAM),Department,"Ministry of Information, Broadcasting and National Heritage",,,,,,Wikipedia,https://en.wikipedia.org/wiki/Ministry_of_Information_and_Broadcasting_(Pakistan)#Department_of_Archaeology_and_Museums,Brief,http://nationalheritage.gov.pkdoam.html,,
National Language Promotion Department,Department,"Ministry of Information, Broadcasting and National Heritage",,,,,,Wikipedia,https://en.wikipedia.org/wiki/Ministry_of_Information_and_Broadcasting_(Pakistan)#National_Language_Promotion_Department,Brief,http://nationalheritage.gov.pknla.html,,
Implementation Tribunal for Newspaper Employees (ITNE),Department,"Ministry of Information, Broadcasting and National Heritage",,,,,,Wikipedia,https://en.wikipedia.org/wiki/Ministry_of_Information_and_Broadcasting_(Pakistan)#Implementation_Tribunal_for_Newspaper_Employees,,,,
Information Service Academy (ISA),Sub-Ordinate Office,"Ministry of Information, Broadcasting and National Heritage",,,,http://www.isa.edu.pk,,Wikipedia,https://en.wikipedia.org/wiki/Ministry_of_Information_and_Broadcasting_(Pakistan)#Information_Service_Academy,,,,
Urdu Science Board,Sub-Ordinate Office,"Ministry of Information, Broadcasting and National Heritage",,,,,,Wikipedia,https://en.wikipedia.org/wiki/Ministry_of_Information_and_Broadcasting_(Pakistan)#Urdu_Science_Board,Brief,http://nationalheritage.gov.pkurduscienceboard.html,,
Urdu Dictionary Board,Sub-Ordinate Office,"Ministry of Information, Broadcasting and National Heritage",,,,http://www.udb.gov.pk,,Wikipedia,https://en.wikipedia.org/wiki/Ministry_of_Information_and_Broadcasting_(Pakistan)#Urdu_Dictionary_Board,,,,
Pakistan Electronic Media Regulatory Authority,Authority,"Ministry of Information, Broadcasting and National Heritage",,,,http://www.pemra.gov.pk,,Wikipedia,https://en.wikipedia.org/wiki/Pakistan_Electronic_Media_Regulatory_Authority,,,,
Nazriya Pakistan Council Trust (NPCT),Trust,"Ministry of Information, Broadcasting and National Heritage",,,,,,Wikipedia,https://en.wikipedia.org/wiki/Nazaria-i-Pakistan_Trust,,,,
National Press Trust (NPT),Trust,"Ministry of Information, Broadcasting and National Heritage",,,,,,Wikipedia,https://en.wikipedia.org/wiki/Ministry_of_Information_and_Broadcasting_(Pakistan)#National_Press_Trust,,,,
Special Communication Organization (SCO),Organization,Ministry of Information Technology and Telecommunication,,,,http://www.sco.gov.pk,,Wikipedia,https://en.wikipedia.org/wiki/Special_Communications_Organization,,,,
Virtual University of Pakistan,Institution,Ministry of Information Technology and Telecommunication,,,,http://www.vu.edu.pk,,Wikipedia,https://en.wikipedia.org/wiki/Virtual_University_of_Pakistan,,,,
National Telecommunication Corporation (NTC),Corporation,Ministry of Information Technology and Telecommunication,,,,http://www.ntc.net.pk,,Wikipedia,https://en.wikipedia.org/wiki/National_Telecommunication_Corporation_(Pakistan),,,,
National Information Technology Board,Board,Ministry of Information Technology and Telecommunication,,,,http://www.nitb.gov.pk,,,,,,,
Pakistan Software Export Board (PSEB),Company,Ministry of Information Technology and Telecommunication,,,,http://www.pseb.org.pk,,Wikipedia,https://en.wikipedia.org/wiki/Pakistan_Software_Export_Board,,,,
Pakistan Telecommunications Company Limited (PTCL),Company,Ministry of Information Technology and Telecommunication,,,,http://www.ptcl.com.pk,,Wikipedia,https://en.wikipedia.org/wiki/Ptcl,,,,
Pakistan Telecommunications Mobile Limited (PTML - Ufone),Company,Ministry of Information Technology and Telecommunication,,,,http://www.ufone.com/,,Wikipedia,https://en.wikipedia.org/wiki/Ufone,,,,
Telecom Foundation (TF),Foundation,Ministry of Information Technology and Telecommunication,,,,http://www.telecomfoundation.com.pk,,Wikipedia,https://en.wikipedia.org/wiki/Ministry_of_Information_Technology_and_Telecommunication#Telecom_Foundation,,,,
Universal Service Fund (USF),,Ministry of Information Technology and Telecommunication,,,,http://www.usf.org.pk,,Wikipedia,https://en.wikipedia.org/wiki/Ministry_of_Information_Technology_and_Telecommunication#Universal_Service_Fund,,,,
National ICT R&D Fund,,Ministry of Information Technology and Telecommunication,,,,http://www.ictrdf.org.pk,,Wikipedia,https://en.wikipedia.org/wiki/National_ICT_R%26D_Fund_(Pakistan),,,,
Pakistan Sports Board,Organization,Ministry of Inter Provincial Coordination,,,,www.sports.gov.pk,,Wikipedia,https://en.wikipedia.org/wiki/Pakistan_Sports_Board,,,,
Pakistan Cricket Board,Organization,Ministry of Inter Provincial Coordination,,,,www.pcb.com.pk,,Wikipedia,https://en.wikipedia.org/wiki/Pakistan_Cricket_Board,,,,
National Academy of Performing Arts,Organization,Ministry of Inter Provincial Coordination,,,,www.napa.org.pk,,Wikipedia,https://en.wikipedia.org/wiki/National_Academy_of_Performing_Arts,,,,
National Internship Program (NIP),Organization,Ministry of Inter Provincial Coordination,,,,,,Brief,http://www.moya.gov.pknational_internship_program.html,,,,
National Volunteer Movement (NVM),Organization,Ministry of Inter Provincial Coordination,,,,,,Brief,www.moya.gov.pknews/program.doc,,,,
Youth Exchange Program (External),Organization,Ministry of Inter Provincial Coordination,,,,,,Brief,http://www.moya.gov.pkinternational_youth_exchange.html,,,,
Pakistan Boy Scouts Association,Organization,Ministry of Inter Provincial Coordination,,,,www.pakscouts.org,,Wikipedia,https://en.wikipedia.org/wiki/Pakistan_Boy_Scouts_Association,,,,
Pakistan Girl Guide Association,Organization,Ministry of Inter Provincial Coordination,,,,pgga.org.pk,,Wikipedia,https://en.wikipedia.org/wiki/Pakistan_Girl_Guides_Association,,,,
Inter Board Committee of Chairman (IBCC),Organization,Ministry of Inter Provincial Coordination,,,,www.ibcc.edu.pk,,,,,,,
Pakistan Veterinary Medical Council,Statutory Body,Ministry of Inter Provincial Coordination,,,,www.pvmc.org.pk,,Wikipedia,https://en.wikipedia.org/wiki/Pakistan_Veterinary_Medical_Council,,,,
Islamabad Capital Territory Administration,District Administration,Ministry of Interior and Narcotics Control,,,,http://ictadministration.gov.pk,,Wikipedia,https://en.wikipedia.org/wiki/Islamabad#Civic_administration,,,,
Frontier Constabulary KPK,Organization,Ministry of Interior and Narcotics Control,,,,www.fc.gov.pk,,Wikipedia,https://en.wikipedia.org/wiki/Frontier_Constabulary,,,,
Directorate General of Immigration & Passports,Organization,Ministry of Interior and Narcotics Control,,,,www.dgip.gov.pk,,Wikipedia,https://en.wikipedia.org/wiki/Directorate_General_of_Immigration_%26_Passports,,,,
Directorate General of Civil Defence,Organization,Ministry of Interior and Narcotics Control,,,,http://civildefence.gov.pk,,Wikipedia,https://en.wikipedia.org/wiki/Civil_Defense_of_Pakistan,,,,
Federal Investigation Agency (FIA),Organization,Ministry of Interior and Narcotics Control,,,,www.fia.gov.pk,,Wikipedia,https://en.wikipedia.org/wiki/Federal_Investigation_Agency,,,,
Pakistan Coast Guards,Organization,Ministry of Interior and Narcotics Control,,,,,,Wikipedia,https://en.wikipedia.org/wiki/Pakistan_Coast_Guard,Brief,https://www.pakistanarmy.gov.pkawpreview/textcontent.aspx?pid=156,,
Pakistan Rangers Punjab,Organization,Ministry of Interior and Narcotics Control,,,,http://www.pakistanrangerspunjab.com/,,Wikipedia,https://en.wikipedia.org/wiki/Pakistan_Rangers,,,,
Pakistan Rangers Sindh,Organization,Ministry of Interior and Narcotics Control,,,,http://pakistanrangerssindh.org/,,Wikipedia,https://en.wikipedia.org/wiki/Pakistan_Rangers,,,,
Frontier Corps Balochistan,Organization,Ministry of Interior and Narcotics Control,,,,www.fcbalochistan.gov.pk,,Wikipedia,https://en.wikipedia.org/wiki/Frontier_Corps,,,,
Gilgit Baltistan Scouts,Organization,Ministry of Interior and Narcotics Control,,,,www.gilgitbaltistanscouts.gov.pk,,Wikipedia,https://en.wikipedia.org/wiki/Gilgit_Baltistan_Scouts,,,,
National Counter Terrorism Authority,Authority,Ministry of Interior and Narcotics Control,,,,http://nacta.gov.pk,,Wikipedia,https://en.wikipedia.org/wiki/National_Counter_Terrorism_Authority,,,,
National Database and Registration Authority (NADRA),Authority,Ministry of Interior and Narcotics Control,,,,www.nadra.gov.pk,,Wikipedia,https://en.wikipedia.org/wiki/National_Database_and_Registration_Authority,,,,
National Aliens Registration Authority,Authority,Ministry of Interior and Narcotics Control,,,,,,Wikipedia,https://en.wikipedia.org/wiki/National_Alien_Registration_Authority,,,,
National Academy for Prisons Administration,Organization,Ministry of Interior and Narcotics Control,,,,,,Wikipedia,"https://www.google.com.pkurl?sa=t&rct=j&q=&esrc=s&source=web&cd=1&cad=rja&uact=8&ved=0CCQQFjAA&url=http%3A%2F%2Fen.wikipedia.org%2Fwiki%2FNational_Academy_for_Prisons_Administration&ei=oFQBVZvWDJDlaIGegcAP&usg=AFQjCNH6fCrpw1ww3fWE7-0aab7V19tDoA&sig2=lYUu-pH9WA3NbGQ9A-0JEg&bvm=bv.87920726,d.d2s",,,,
Narcotics Control Division,,Ministry of Interior and Narcotics Control,,,,http://www.narcon.gov.pk,,,,,,,
Anti Narcotics Force (ANF),,Ministry of Interior and Narcotics Control,,,,http://www.anf.gov.pk,,Wikipedia,https://en.wikipedia.org/wiki/Anti-Narcotics_Force,,,,
Drug Demand Reduction Cell (DDRC),,Ministry of Interior and Narcotics Control,,,,,narcon.ddrc@hotmail.com,,,,,,
Jammu and Kashmir Refugees Rehabilitation Organization,,Ministry of Kashmir Affairs and Gilgit Baltistan,,,,,,,,,,,
Northern Areas Transport Corporation,,Ministry of Kashmir Affairs and Gilgit Baltistan,,,,,,Wikipedia,https://en.wikipedia.org/wiki/Northern_Areas_Transport_Corporation,,,,
Directorate of Health Services AJK,,Ministry of Kashmir Affairs and Gilgit Baltistan,,,,,,,,,,,
Directorate of Health Services GB,,Ministry of Kashmir Affairs and Gilgit Baltistan,,,,,,,,,,,
Jammu and Kashmir State Property,,Ministry of Kashmir Affairs and Gilgit Baltistan,,,,,,,,,,,
Geological Survey of Pakistan,,Ministry of Petroleum & Natural Resources,,,,http://www.gsp.gov.pk,,Wikipedia,https://en.wikipedia.org/wiki/Geological_Survey_of_Pakistan,,,,
Hydrocarbon Development Institute of Pakistan,,Ministry of Petroleum & Natural Resources,,,,http://www.hdip.com.pk,,,,,,,
Sui Northern Gas Company Limited,Company,Ministry of Petroleum & Natural Resources,,,,http://www.sngpl.com.pk,,Wikipedia,https://en.wikipedia.org/wiki/Sui_Northern_Gas_Pipelines_Limited,,,,
Sui Southern Gas Company Limited,Company,Ministry of Petroleum & Natural Resources,,,,http://www.ssgc.com.pk,,Wikipedia,https://en.wikipedia.org/wiki/Sui_Southern_Gas_Company,,,,
Pakistan State Oil Company Limited,Company,Ministry of Petroleum & Natural Resources,,,,http://www.psopk.com/,,Wikipedia,https://en.wikipedia.org/wiki/Pakistan_State_Oil,,,,
Pakistan Petroleum Limited,Company,Ministry of Petroleum & Natural Resources,,,,http://www.ppl.com.pk,,Wikipedia,https://en.wikipedia.org/wiki/Pakistan_Petroleum,,,,
Pak-Arab Refinery Limited,Company,Ministry of Petroleum & Natural Resources,,,,http://www.parco.com.pk,,Wikipedia,https://en.wikipedia.org/wiki/Pak-Arab_Refinery,,,,
Inter State Gas Systems (Pvt.) Limited,Company,Ministry of Petroleum & Natural Resources,,,,http://www.isgs.pk,,,,,,,
Oil and Gas Development Company Limited,Company,Ministry of Petroleum & Natural Resources,,,,http://www.ogdcl.com/,,Wikipedia,https://en.wikipedia.org/wiki/Oil_and_Gas_Development_Company,,,,
Pakistan Mineral Development Corporation Limited,Company,Ministry of Petroleum & Natural Resources,,,,http://www.pmdc.gov.pk,,Wikipedia,https://en.wikipedia.org/wiki/Pakistan_Mineral_Development_Corporation,,,,
Government Holdings Private Limited,Company,Ministry of Petroleum & Natural Resources,,,,http://www.ghpl.com.pk,,Wikipedia,https://en.wikipedia.org/wiki/Ministry_of_Petroleum_and_Natural_Resources_(Pakistan)#Government_Holdings_Private_Limited,,,,
Lakhra Coal Development Company Limited,Company,Ministry of Petroleum & Natural Resources,,,,,,Wikipedia,https://en.wikipedia.org/wiki/Ministry_of_Petroleum_and_Natural_Resources_(Pakistan)#Lakhra_Coal_Development_Company_Limited,Brief,http://www.mpnr.gov.pkgop/index.php?q=aHR0cDovLzE5Mi4xNjguNzAuMTM2L21wbnIvLi9mcm1EZXRhaWxzLmFzcHg%2Fb3B0PW1pc2NsaW5rcyZpZD0xMQ%3D%3D,,
Saindak Metals Limited,Company,Ministry of Petroleum & Natural Resources,,,,,,Wikipedia,https://en.wikipedia.org/wiki/Ministry_of_Petroleum_and_Natural_Resources_(Pakistan)#Saindak_Metals_Limited,Brief,http://www.mpnr.gov.pkgop/index.php?q=aHR0cDovLzE5Mi4xNjguNzAuMTM2L21wbnIvLi9mcm1EZXRhaWxzLmFzcHg%2Fb3B0PW1pc2NsaW5rcyZpZD0xMA%3D%3D,,
Gawadar Port Authority,Authority,Ministry of Ports and Shipping,,,,http://www.gwadarport.gov.pk,,Wikipedia,https://en.wikipedia.org/wiki/Gwadar_Port#Operations,,,,
Government Shipping Office,,Ministry of Ports and Shipping,,,,http://shippingoffice.gov.pk,,,,,,,
Karachi Port Trust,,Ministry of Ports and Shipping,,,,http://www.kpt.gov.pk,,Wikipedia,https://en.wikipedia.org/wiki/Karachi_Port_Trust,,,,
Mercantile Marine Department,Department,Ministry of Ports and Shipping,,,,http://mercantilemarine.gov.pk,,,,,,,
Pakistan Marine Academy,Academy,Ministry of Ports and Shipping,,,,http://marineacademy.edu.pk,,Wikipedia,https://en.wikipedia.org/wiki/Pakistan_Marine_Academy,,,,
Pakistan National Shipping Corporation,Corporation,Ministry of Ports and Shipping,,,,http://www.pnsc.com.pk,,Wikipedia,https://en.wikipedia.org/wiki/Pakistan_Merchant_Navy#Pakistan_National_Shipping_Corporation,,,,
Port Qasim Authority,Authority,Ministry of Ports and Shipping,,,,http://www.pqa.gov.pk,,,,,,,
Ports and Shipping Wing,,Ministry of Ports and Shipping,,,,,,,,Brief,http://www.marineacademy.edu.pkpsw/psw.htm,,
Pakistan Railways Carriage Factory,,Ministry of Railways,,,,,,Wikipedia,https://en.wikipedia.org/wiki/Pakistan_Ministry_of_Railways#Pakistan_Railways_Carriage_Factory_Islamabad,Brief,http://www.railways.gov.pkgop/index.php?q=aHR0cDovLzE5Mi4xNjguNzAuMTM2L3JhaWx3YXlzd2ViLy4vZnJtRGV0YWlscy5hc3B4P29wdD1taXNjbGlua3MmaWQ9MjM%3D,,
Pakistan Railways Headquarters Office,,Ministry of Railways,,,,http://www.pakrail.com/,,,,,,,
Pakistan Railway Advisory & Consultancy Services (PRACS),,Ministry of Railways,,,,http://www.pracsltd.com/,,Wikipedia,https://en.wikipedia.org/wiki/Pakistan_Ministry_of_Railways#PRACS_.28Pakistan_Railway_Advisory_.26_Consultancy_Services.29,,,,
Railway Constructions Pakistan Limited (RAILCOP),,Ministry of Railways,,,,http://www.railcop-pk.com/,,Wikipedia,https://en.wikipedia.org/wiki/Pakistan_Ministry_of_Railways#RAILCOP_.28Railway_Constructions_Pakistan_Limited.29,,,,
Railway Estate Development & Marketing Company (REDAMCO),,Ministry of Railways,,,,http://www.redamco.com/,,Wikipedia,https://en.wikipedia.org/wiki/Pakistan_Ministry_of_Railways#Railway_Estate_Development_.26_Marketing_Company_.28REDAMCO.29,,,,
Pakistan Locomotive Factory,,Ministry of Railways,,,,,,Wikipedia,https://en.wikipedia.org/wiki/Pakistan_Ministry_of_Railways#Pakistan_Locomotive_Factory_Risalpur,Brief,http://www.railways.gov.pkgop/index.php?q=aHR0cDovLzE5Mi4xNjguNzAuMTM2L3JhaWx3YXlzd2ViLy4vZnJtRGV0YWlscy5hc3B4P29wdD1taXNjbGlua3MmaWQ9MjQ%3D,,
Center For Applied & Molecular Biology (CAMB),,Ministry of Science and Technology,,,,http://www.camb.edu.pk,,Wikipedia,https://en.wikipedia.org/wiki/Center_for_Applied_and_Molecular_Biology,,,,
COMSATS Institute of Information Technology,,Ministry of Science and Technology,,,,http://ciit.edu.pk,,Wikipedia,https://en.wikipedia.org/wiki/COMSATS_Institute_of_Information_Technology,,,,
Council for Work and Housing Research (CWHR),,Ministry of Science and Technology,,,,http://www.cwhr.gov.pk,,,,,,,
National Institute of Electronics (NIE),Research Institute,Ministry of Science and Technology,,,,http://www.nie.gov.pk,,,,,,,
National Institute of Oceanography (NIO),Research Institute,Ministry of Science and Technology,,,,http://www.niopk.gov.pk,,Wikipedia,https://en.wikipedia.org/wiki/National_Institute_of_Oceanography_(Pakistan),,,,
National University of Science and Technology (NUST),Research Institute,Ministry of Science and Technology,,,,http://www.nust.edu.pk,,Wikipedia,https://en.wikipedia.org/wiki/National_University_of_Sciences_and_Technology_(Pakistan),,,,
Pakistan Council for Renewable Energy Technologies (PCRET),Statutory Body,Ministry of Science and Technology,,,,http://www.pcret.gov.pk,,,,,,,
Pakistan Council for Science and Technology (PCST),Statutory Body,Ministry of Science and Technology,,,,http://www.pcst.org.pk,,,,,,,
Pakistan Council of Research in Water Resources (PCRWR),Statutory Body,Ministry of Science and Technology,,,,http://www.pcrwr.gov.pk,,,,,,,
Pakistan Council of Scientific and Industrial Research (PCSIR),Statutory Body,Ministry of Science and Technology,,,,http://www.pcsir.gov.pk,,Wikipedia,https://en.wikipedia.org/wiki/Pakistan_Council_of_Scientific_and_Industrial_Research,,,,
Pakistan Engineering Council (PEC),Statutory Body,Ministry of Science and Technology,,,,http://www.pec.org.pk,,WIkipedia,https://en.wikipedia.org/wiki/Pakistan_Engineering_Council,,,,
Pakistan National Accreditation Council (PNAC),Statutory Body,Ministry of Science and Technology,,,,http://www.pnac.org.pk,,,,,,,
Pakistan Science Foundation (PSF),,Ministry of Science and Technology,,,,http://www.psf.gov.pk,,,,,,,
Pakistan Standards And Quality Control Authority (PSQCA),,Ministry of Science and Technology,,,,http://www.psqca.com.pk,,,,,,,
Pakistan Technology Board,,Ministry of Science and Technology,,,,http://www.ptbmost.gov.pk,,,,,,,
STEDEC Technology Commercialization Corporation of Pakistan (Private) Limited,,Ministry of Science and Technology,,,,http://www.stedec.com.pk,,,,,,,
Chief Commissionerate for Afghan Refugees,,Ministry of States and Frontier Regions,,,,,,Wikipedia,https://en.wikipedia.org/wiki/Ministry_of_States_and_Frontier_Regions#Chief_Commissioner-ate_for_Afghan_Refugees,Brief,http://www.safron.gov.pkgop/index.php?q=aHR0cDovLzE5Mi4xNjguNzAuMTM2L3NhZnJvbi8uL2ZybURldGFpbHMuYXNweD9vcHQ9bWlzY2xpbmtzJmlkPTE3,,
Razmak Cadet College,,Ministry of States and Frontier Regions,,,,,,Wikipedia,https://en.wikipedia.org/wiki/Cadet_College_Razmak,Brief,http://www.safron.gov.pkgop/index.php?q=aHR0cDovLzE5Mi4xNjguNzAuMTM2L3NhZnJvbi8uL2ZybURldGFpbHMuYXNweD9vcHQ9bWlzY2xpbmtzJmlkPTE4,,
Alternative Energy Development Board,,Ministry of Water & Power,,,,http://www.aedb.org/,,Wikipedia,https://en.wikipedia.org/wiki/Alternative_Energy_Development_Board,,,,
Water and Power Development Authority (WAPDA),,Ministry of Water & Power,,,,http://www.wapda.gov.pk,,Wikipedia,https://en.wikipedia.org/wiki/Water_and_Power_Development_Authority,,,,
National Engineering Services Pakistan (NESPAK) ,,Ministry of Water & Power,,,,http://www.nespak.com.pk,,Wikipedia,https://en.wikipedia.org/wiki/National_Engineering_Services_Pakistan,,,,
National Power Construction Company (NPCC),,Ministry of Water & Power,,,,http://www.npcc.com.pk,,,,,,,
Private Power and Infrastructure Board (PPIB),,Ministry of Water & Power,,,,http://www.ppib.gov.pk,,Wikipedia,https://en.wikipedia.org/wiki/Ministry_of_Water_and_Power_(Pakistan)#Private_Power_and_Infrastructure_Board,,,,
National Transmission & Despatch Company (NTDC),,Ministry of Water & Power,,,,http://www.ntdc.com.pk,,Wikipedia,https://en.wikipedia.org/wiki/Ministry_of_Water_and_Power_(Pakistan)#National_Transmission_And_Despatch_Company,,,,
Pakistan Power Park Management Company Limited (PPPMCL),,Ministry of Water & Power,,,,http://www.gaddanipower.gov.pk,,,,,,,
National Energy Conservation Centre (ENERCON),,Ministry of Water & Power,,,,http://www.enercon.gov.pk,,,,,,,
Indus River System Authority (IRSA),,Ministry of Water & Power,,,,http://www.pakirsa.gov.pk,,,,,,,
Drug Regulatory Authority of Pakistan (DRAP),Authority,Ministry of National Health Services Regulation and Coordination,,,,http://www.dra.gov.pk,,,,,,,
Central Drugs Laboratory,Laboratory,Ministry of National Health Services Regulation and Coordination,Karachi,,,,,,,,,,
National Control Laboratory on Biologicals,Laboratory,Ministry of National Health Services Regulation and Coordination,Islamabad,,,http://www.nclbmoh.gov.pk,,,,,,,
Federal Drug Surveillance Laboratory,Laboratory,Ministry of National Health Services Regulation and Coordination,Islamabad,,,,,,,,,,
Directorate of Malaria Control,,Ministry of National Health Services Regulation and Coordination,,,,http://www.dmc.gov.pk,,Wikipedia,https://en.wikipedia.org/wiki/Ministry_of_National_Health_Services_Regulation_and_Coordination_(Pakistan)#Directorate_of_Malaria_Control,,,,
Tobacco Control Cell,,Ministry of National Health Services Regulation and Coordination,,,,http://www.tcc.gov.pk,,Wikipedia,https://en.wikipedia.org/wiki/Ministry_of_National_Health_Services_Regulation_and_Coordination_(Pakistan)#Tobacco_Control_Cell,,,,
National AIDS Control Program,,Ministry of National Health Services Regulation and Coordination,,,,http://www.nacp.gov.pk,,Wikipedia,https://en.wikipedia.org/wiki/Ministry_of_National_Health_Services_Regulation_and_Coordination_(Pakistan)#National_AIDS_Control_Program,,,,
National Institute of Population Studies,,Ministry of National Health Services Regulation and Coordination,,,,http://www.nips.org.pk,,Wikipedia,https://en.wikipedia.org/wiki/Ministry_of_National_Health_Services_Regulation_and_Coordination_(Pakistan)#National_Institute_of_Population_Studies,,,,
National Tuberculosis Control Program,,Ministry of National Health Services Regulation and Coordination,,,,http://www.ntp.gov.pk,,Wikipedia,https://en.wikipedia.org/wiki/Ministry_of_National_Health_Services_Regulation_and_Coordination_(Pakistan)#National_Tuberculosis_Control_Program,,,,
Agriculture Policy Institute (API),Department,Ministry of National Food Security and Research,,,,,,Wikipedia,https://en.wikipedia.org/wiki/Ministry_of_National_Food_Security_%26_Research_(Pakistan)#Agricultural_Policy_Institute,Brief,http://www.mnfsr.gov.pkgop/index.php?q=aHR0cDovLzE5Mi4xNjguNzAuMTM2L21uZnNyLy4vZnJtRGV0YWlscy5hc3B4P29wdD1taXNjbGlua3MmaWQ9NA%3D%3D,,
Department of Plant Protection (DPP),Department,Ministry of National Food Security and Research,,,,http://plantprotection.gov.pk,,Wikipedia,https://en.wikipedia.org/wiki/Ministry_of_National_Food_Security_%26_Research_(Pakistan)#Department_of_Plant_Protection,Brief,http://www.mnfsr.gov.pkgop/index.php?q=aHR0cDovLzE5Mi4xNjguNzAuMTM2L21uZnNyLy4vZnJtRGV0YWlscy5hc3B4P29wdD1taXNjbGlua3MmaWQ9MjE%3D,,
Federal Seed Certification and Registration Department (FSC&RD),Department,Ministry of National Food Security and Research,,,,,,Wikipedia,https://en.wikipedia.org/wiki/Ministry_of_National_Food_Security_%26_Research_(Pakistan)#Federal_Seed_Certification_.26_Registration_Department,Brief,http://www.mnfsr.gov.pkgop/index.php?q=aHR0cDovLzE5Mi4xNjguNzAuMTM2L21uZnNyLy4vZnJtRGV0YWlscy5hc3B4P29wdD1taXNjbGlua3MmaWQ9MjA%3D,,
Animal Quarantine Department (AQD),Department,Ministry of National Food Security and Research,,,,,,Wikipedia,https://en.wikipedia.org/wiki/Ministry_of_National_Food_Security_%26_Research_(Pakistan)#Animal_Quarantine_Department,Brief,http://www.mnfsr.gov.pkgop/index.php?q=aHR0cDovLzE5Mi4xNjguNzAuMTM2L21uZnNyLy4vZnJtRGV0YWlscy5hc3B4P29wdD1taXNjbGlua3MmaWQ9MjI%3D,,
National Veterinary Lab (NVL),Department,Ministry of National Food Security and Research,,,,,,Wikipedia,https://en.wikipedia.org/wiki/Ministry_of_National_Food_Security_%26_Research_(Pakistan)#National_Veterinary_Laboratory,Brief,http://www.mnfsr.gov.pkgop/index.php?q=aHR0cDovLzE5Mi4xNjguNzAuMTM2L21uZnNyLy4vZnJtRGV0YWlscy5hc3B4P29wdD1taXNjbGlua3MmaWQ9Mjc%3D,,
Pakistan Agricultural Research Council (PARC),Autonomous Body,Ministry of National Food Security and Research,,,,www.parc.gov.pk,,Wikipedia,https://en.wikipedia.org/wiki/Ministry_of_National_Food_Security_%26_Research_(Pakistan)#Pakistan_Agricultural_Research_Council,,,,
Pakistan Agricultural Storage & Services Corporation (PASSCO),Corporation,Ministry of National Food Security and Research,,,,www.passco.gov.pk,,Wikipedia,https://en.wikipedia.org/wiki/Ministry_of_National_Food_Security_%26_Research_(Pakistan)#Pakistan_Agriculture_Storage_and_Services_Corporation,,,,
Federal Water Management Cell (FWM),Cell,Ministry of National Food Security and Research,,,,,,Wikipedia,https://en.wikipedia.org/wiki/Ministry_of_National_Food_Security_%26_Research_(Pakistan)#Federal_Water_Management_Cell,Brief,http://www.mnfsr.gov.pkgop/index.php?q=aHR0cDovLzE5Mi4xNjguNzAuMTM2L21uZnNyLy4vZnJtRGV0YWlscy5hc3B4P29wdD1taXNjbGlua3MmaWQ9MzI%3D,,
Livestock and Dairy Development Board (LDDB),Board,Ministry of National Food Security and Research,,,,www.lddb.org.pk,,Wikipedia,https://en.wikipedia.org/wiki/Ministry_of_National_Food_Security_%26_Research_(Pakistan)#Livestock_and_Dairy_Development_Board,,,,
Pakistan Oilseed Development Board (PODB),Board,Ministry of National Food Security and Research,,,,,,Wikipedia,https://en.wikipedia.org/wiki/Ministry_of_National_Food_Security_%26_Research_(Pakistan)#Pakistan_Oilseed_Development_Board,Brief,http://www.mnfsr.gov.pkgop/index.php?q=aHR0cDovLzE5Mi4xNjguNzAuMTM2L21uZnNyLy4vZnJtRGV0YWlscy5hc3B4P29wdD1taXNjbGlua3MmaWQ9Mjk%3D,,
Fisheries Development Board (FDB),Board,Ministry of National Food Security and Research,,,,www.fdb.org.pk,,Wikipedia,https://en.wikipedia.org/wiki/Ministry_of_National_Food_Security_%26_Research_(Pakistan)#Fisheries_Development_Board,,,,
Pakistan Dairy Development Company (PDDC),Company,Ministry of National Food Security and Research,,,,http://pddc.com.pk,,Wikipedia,https://en.wikipedia.org/wiki/Ministry_of_National_Food_Security_%26_Research_(Pakistan)#Pakistan_Dairy_Development_Company,,,,
Federal Directorate of Education,Attached Organization,Capital Administration & Development Division,,,,http://www.fde.gov.pk,,,,,,,
Directorate General of Special Education,Attached Organization,Capital Administration & Development Division,,,,,,Brief,http://www.mocad.gov.pkgop/index.php?q=aHR0cDovLzE5Mi4xNjguNzAuMTM2L2NhZC8uL2ZybURldGFpbHMuYXNweD9vcHQ9bWlzY2xpbmtzJmlkPTEz,,,,
Department of Tourist Services,Attached Organization,Capital Administration & Development Division,,,,,,Brief,http://www.mocad.gov.pkgop/index.php?q=aHR0cDovLzE5Mi4xNjguNzAuMTM2L2NhZC8uL2ZybURldGFpbHMuYXNweD9vcHQ9bWlzY2xpbmtzJmlkPTc%3D,,,,
Pakistan Institute of Medical Sciences (PIMS),Research Institute,Capital Administration & Development Division,,,,http://www.pims.gov.pk,,Wikipedia,https://en.wikipedia.org/wiki/Pakistan_Institute_of_Medical_Sciences,,,,
National Institute of Science and Technical Education (NISTE),Institution,Capital Administration & Development Division,,,,http://www.niste.edu.pk,,,,,,,
National Library of Pakistan,Library,Capital Administration & Development Division,,,,http://www.nlp.gov.pk,,Wikipedia,https://en.wikipedia.org/wiki/National_Library_of_Pakistan,,,,
National Council of Social Welfare (NCSW),Attached Organization,Capital Administration & Development Division,,,,,,Brief,http://www.mocad.gov.pkgop/index.php?q=aHR0cDovLzE5Mi4xNjguNzAuMTM2L2NhZC8uL2ZybURldGFpbHMuYXNweD9vcHQ9bWlzY2xpbmtzJmlkPTE0,,,,
Directorate Of Workers Education,Attached Organization,Capital Administration & Development Division,,,,,,Brief,http://www.mocad.gov.pkgop/index.php?q=aHR0cDovLzE5Mi4xNjguNzAuMTM2L2NhZC8uL2ZybURldGFpbHMuYXNweD9vcHQ9bWlzY2xpbmtzJmlkPTE1,,,,
Federal Government Services Hospital (Polyclinic),Attached Organization,Capital Administration & Development Division,,,,,,Brief,http://www.mocad.gov.pkgop/index.php?q=aHR0cDovLzE5Mi4xNjguNzAuMTM2L2NhZC8uL2ZybURldGFpbHMuYXNweD9vcHQ9bWlzY2xpbmtzJmlkPTE3,,,,
Technical Penal On Teachers Education (TPTE),Attached Organization,Capital Administration & Development Division,,,,,,Brief,http://www.mocad.gov.pkgop/index.php?q=aHR0cDovLzE5Mi4xNjguNzAuMTM2L2NhZC8uL2ZybURldGFpbHMuYXNweD9vcHQ9bWlzY2xpbmtzJmlkPTg%3D,,,,
Federal College of Education,Institution,Capital Administration & Development Division,,,,http://www.fce.edu.pk,,,,,,,
Polytechnic Institute of Women,Institution,Capital Administration & Development Division,,,,,,Brief,http://www.mocad.gov.pkgop/index.php?q=aHR0cDovLzE5Mi4xNjguNzAuMTM2L2NhZC8uL2ZybURldGFpbHMuYXNweD9vcHQ9bWlzY2xpbmtzJmlkPTk%3D,,,,
District Population Welfare Office (DPWO),Attached Organization,Capital Administration & Development Division,,,,,,Brief,http://www.mocad.gov.pkgop/index.php?q=aHR0cDovLzE5Mi4xNjguNzAuMTM2L2NhZC8uL2ZybURldGFpbHMuYXNweD9vcHQ9bWlzY2xpbmtzJmlkPTEw,,,,
National Veterinary Laboratory,Attached Organization,Capital Administration & Development Division,,,,,,Brief,,,,,
Private Educational Institutions Regulatory Authority (PEIRA),Statutory Body,Capital Administration & Development Division,"Plot # 450, St #57, I-8/3, Islamabad","051-9101742, 051-9101743",,,,Brief,http://www.mocad.gov.pkgop/index.php?q=aHR0cDovLzE5Mi4xNjguNzAuMTM2L2NhZC8uL2ZybURldGFpbHMuYXNweD9vcHQ9bWlzY2xpbmtzJmlkPTIy,,,,
Human Organs Transplant Authority (HOTA),Attached Organization,Capital Administration & Development Division,"Opposite NORI Hospital, Hanna Road, Sector G-8/4, Islamabad","051-9107652, 051-9107654",051-9107653,,,Brief,http://www.mocad.gov.pkgop/index.php?q=aHR0cDovLzE5Mi4xNjguNzAuMTM2L2NhZC8uL2ZybURldGFpbHMuYXNweD9vcHQ9bWlzY2xpbmtzJmlkPTIw,,,,
National Institute of Rehabilitation Medicine,Institution,Capital Administration & Development Division,"Street No.9, Sector G-8/2, Islamabad","051-9262213, 051-9262214",,,,Brief,http://www.mocad.gov.pkgop/index.php?q=aHR0cDovLzE5Mi4xNjguNzAuMTM2L2NhZC8uL2ZybURldGFpbHMuYXNweD9vcHQ9bWlzY2xpbmtzJmlkPTE5,,,,